<?xml version="1.0" encoding="UTF-8"?>
<configuration>
 
 <property  name="LOG_DIR" value="${ROBERT_CRYPTO_SERVER_LOG_FILE_PATH:-/logs}" />
 <property  name="LOG_FILENAME" value="${ROBERT_CRYPTO_SERVER_LOG_FILE_NAME:-robert-crypto-grpc-server}" />
 <property  name="ERROR_LOG_FILENAME" value="${ROBERT_CRYPTO_SERVER_ERROR_LOG_FILE_NAME:-robert-crypto-grpc-server}.error" />
 
    <appender name="Console"
        class="ch.qos.logback.core.ConsoleAppender">
        <layout class="ch.qos.logback.classic.PatternLayout">
            <Pattern>
                %black(%d{ISO8601}) %highlight(%-5level) [%blue(%t)] %yellow(%C{1.}): %msg%n%throwable
            </Pattern>
        </layout>
    </appender>
 
    <appender name="RollingFile"
        class="ch.qos.logback.core.rolling.RollingFileAppender">
        <file>${LOG_DIR}/${LOG_FILENAME}.log</file>
        <encoder
            class="ch.qos.logback.classic.encoder.PatternLayoutEncoder">
            <Pattern>%d %p %C{1.} [%t] %m%n</Pattern>
        </encoder>
 
        <rollingPolicy
            class="ch.qos.logback.core.rolling.SizeAndTimeBasedRollingPolicy">
            <!-- rollover daily and when the file reaches 10 MegaBytes -->
            <fileNamePattern>${LOG_DIR}/${LOG_FILENAME}.%d{yyyy-MM-dd}.%i.log.gz
            </fileNamePattern>
            <maxFileSize>10MB</maxFileSize>
        </rollingPolicy>
    </appender>

	<appender name="RollingErrorFile"
        class="ch.qos.logback.core.rolling.RollingFileAppender">
        <file>${LOG_DIR}/${ERROR_LOG_FILENAME}.log</file>
        <encoder
            class="ch.qos.logback.classic.encoder.PatternLayoutEncoder">
            <Pattern>%d %p %C{1.} [%t] %m%n</Pattern>
        </encoder>
 
        <rollingPolicy
            class="ch.qos.logback.core.rolling.SizeAndTimeBasedRollingPolicy">
            <!-- rollover daily and when the file reaches 10 MegaBytes -->
            <fileNamePattern>${LOG_DIR}/${ERROR_LOG_FILENAME}.%d{yyyy-MM-dd}.%i.log.gz
            </fileNamePattern>
                <maxFileSize>10MB</maxFileSize>
        </rollingPolicy>
    </appender>
     
    <!-- LOG everything at INFO level -->
    <root level="info">
        <appender-ref ref="RollingFile" />
        <appender-ref ref="Console" />
    </root>
 
    <!-- at TRACE level -->
    <logger name="trace" level="trace" additivity="false">
        <appender-ref ref="RollingFile" />
        <appender-ref ref="Console" />
    </logger>
    <!-- at TRACE level -->
    <logger name="error" level="error" additivity="false">
        <appender-ref ref="RollingErrorFile" />
        <appender-ref ref="Console" />
    </logger>
 
</configuration>
